[
    {
        "titre": "Le Petit Prince",
        "auteur": "Antoine de Saint-Exupéry",
        "année_de_publication": 1943,
        "genre": "Fiction",
        "ISBN": "978-0156013987",
        "éditeur": "Reynal & Hitchcock",
        "nombre_de_pages": 96,
        "langue": "Français",
        "img": "./img/bd1.jpg",
        "etat": "Endommagé",
        "dispo": false,
        "resume": "Un hommme tue sa femme en etant ivre..."
    },
    {
        "titre": "Les Misérables",
        "auteur": "Victor Hugo",
        "date": 1862,
        "genre": "Roman historique",
        "ISBN": "978-0451419439",
        "éditeur": "A. Lacroix, Verboeckhoven & Cie",
        "nombre_de_pages": 1463,
        "langue": "Français",
        "img": "./img/bd2.jpg",
        "etat": "Endommagé",
        "dispo": false,
        "resume": "Un hommme tue sa femme en etant ivre..."
    },
    {
        "titre": "À la recherche du temps perdu",
        "auteur": "Marcel Proust",
        "année_de_publication": 1913,
        "genre": "Roman",
        "ISBN": "978-2070409347",
        "éditeur": "Grasset",
        "nombre_de_pages": 4215,
        "langue": "Français",
        "img": "./img/bd3.jpg",
        "etat": "Endommagé",
        "dispo": false,
        "resume": "Un hommme tue sa femme en etant ivre..."
    },
    {
        "titre": "L'Étranger",
        "auteur": "Albert Camus",
        "année_de_publication": 1942,
        "genre": "Roman philosophique",
        "ISBN": "978-2070360020",
        "éditeur": "Gallimard",
        "nombre_de_pages": 123,
        "langue": "Français",
        "img": "./img/bd4.jpg",
        "etat": "Endommagé",
        "dispo": false,
        "resume": "Un hommme tue sa femme en etant ivre..."
    },
    {
        "titre": "Madame Bovary",
        "auteur": "Gustave Flaubert",
        "année_de_publication": 1857,
        "genre": "Roman réaliste",
        "ISBN": "978-2070413115",
        "éditeur": "Michel Lévy frères",
        "nombre_de_pages": 432,
        "langue": "Français",
        "img": "./img/bd5.jfif",
        "etat": "Endommagé",
        "dispo": false,
        "resume": "Un hommme tue sa femme en etant ivre..."
    },
    {
        "titre": "Le Petit Prince",
        "auteur": "Antoine de Saint-Exupéry",
        "année_de_publication": 1943,
        "genre": "Fiction",
        "ISBN": "978-0156013987",
        "éditeur": "Reynal & Hitchcock",
        "nombre_de_pages": 96,
        "langue": "Français",
        "img": "./img/bd6.jfif",
        "etat": "Endommagé",
        "dispo": false,
        "resume": "Un hommme tue sa femme en etant ivre..."
    },
    {
        "titre": "Les Misérables",
        "auteur": "Victor Hugo",
        "date": 1862,
        "genre": "Roman historique",
        "ISBN": "978-0451419439",
        "éditeur": "A. Lacroix, Verboeckhoven & Cie",
        "nombre_de_pages": 1463,
        "langue": "Français",
        "img": "./img/bd7.jpg",
        "etat": "Endommagé",
        "dispo": false,
        "resume": "Un hommme tue sa femme en etant ivre..."
    },
    {
        "titre": "À la recherche du temps perdu",
        "auteur": "Marcel Proust",
        "année_de_publication": 1913,
        "genre": "Roman",
        "ISBN": "978-2070409347",
        "éditeur": "Grasset",
        "nombre_de_pages": 4215,
        "langue": "Français",
        "img": "./img/dino1.jfif",
        "etat": "Endommagé",
        "dispo": false,
        "resume": "Un hommme tue sa femme en etant ivre..."
    },
    {
        "titre": "L'Étranger",
        "auteur": "Albert Camus",
        "année_de_publication": 1942,
        "genre": "Roman philosophique",
        "ISBN": "978-2070360020",
        "éditeur": "Gallimard",
        "nombre_de_pages": 123,
        "langue": "Français",
        "img": "./img/bd1.jpg",
        "etat": "Endommagé",
        "dispo": false,
        "resume": "Un hommme tue sa femme en etant ivre..."
    },
    {
        "titre": "Madame Bovary",
        "auteur": "Gustave Flaubert",
        "année_de_publication": 1857,
        "genre": "Roman réaliste",
        "ISBN": "978-2070413115",
        "éditeur": "Michel Lévy frères",
        "nombre_de_pages": 432,
        "langue": "Français",
        "img": "./img/bd1.jpg",
        "etat": "Endommagé",
        "dispo": false,
        "resume": "Un hommme tue sa femme en etant ivre..."
    },
    {
        "titre": "Le Petit Prince",
        "auteur": "Antoine de Saint-Exupéry",
        "année_de_publication": 1943,
        "genre": "Fiction",
        "ISBN": "978-0156013987",
        "éditeur": "Reynal & Hitchcock",
        "nombre_de_pages": 96,
        "langue": "Français",
        "img": "./img/bd1.jpg",
        "etat": "Endommagé",
        "dispo": false,
        "resume": "Un hommme tue sa femme en etant ivre..."
    },
    {
        "titre": "Les Misérables",
        "auteur": "Victor Hugo",
        "date": 1862,
        "genre": "Roman historique",
        "ISBN": "978-0451419439",
        "éditeur": "A. Lacroix, Verboeckhoven & Cie",
        "nombre_de_pages": 1463,
        "langue": "Français",
        "img": "./img/bd1.jpg",
        "etat": "Endommagé",
        "dispo": false,
        "resume": "Un hommme tue sa femme en etant ivre..."
    },
    {
        "titre": "À la recherche du temps perdu",
        "auteur": "Marcel Proust",
        "année_de_publication": 1913,
        "genre": "Roman",
        "ISBN": "978-2070409347",
        "éditeur": "Grasset",
        "nombre_de_pages": 4215,
        "langue": "Français",
        "img": "./img/bd1.jpg",
        "etat": "Endommagé",
        "dispo": false,
        "resume": "Un hommme tue sa femme en etant ivre..."
    },
    {
        "titre": "L'Étranger",
        "auteur": "Albert Camus",
        "année_de_publication": 1942,
        "genre": "Roman philosophique",
        "ISBN": "978-2070360020",
        "éditeur": "Gallimard",
        "nombre_de_pages": 123,
        "langue": "Français",
        "img": "./img/bd1.jpg",
        "etat": "Endommagé",
        "dispo": false,
        "resume": "Un hommme tue sa femme en etant ivre..."
    },
    {
        "titre": "Madame Bovary",
        "auteur": "Gustave Flaubert",
        "année_de_publication": 1857,
        "genre": "Roman réaliste",
        "ISBN": "978-2070413115",
        "éditeur": "Michel Lévy frères",
        "nombre_de_pages": 432,
        "langue": "Français",
        "img": "./img/bd1.jpg",
        "etat": "Endommagé",
        "dispo": false,
        "resume": "Un hommme tue sa femme en etant ivre..."
    },
    {
        "titre": "Le Petit Prince",
        "auteur": "Antoine de Saint-Exupéry",
        "année_de_publication": 1943,
        "genre": "Fiction",
        "ISBN": "978-0156013987",
        "éditeur": "Reynal & Hitchcock",
        "nombre_de_pages": 96,
        "langue": "Français",
        "img": "./img/bd1.jpg",
        "etat": "Endommagé",
        "dispo": false,
        "resume": "Un hommme tue sa femme en etant ivre..."
    },
    {
        "titre": "Les Misérables",
        "auteur": "Victor Hugo",
        "date": 1862,
        "genre": "Roman historique",
        "ISBN": "978-0451419439",
        "éditeur": "A. Lacroix, Verboeckhoven & Cie",
        "nombre_de_pages": 1463,
        "langue": "Français",
        "img": "./img/bd1.jpg",
        "etat": "Endommagé",
        "dispo": false,
        "resume": "Un hommme tue sa femme en etant ivre..."
    },
    {
        "titre": "À la recherche du temps perdu",
        "auteur": "Marcel Proust",
        "année_de_publication": 1913,
        "genre": "Roman",
        "ISBN": "978-2070409347",
        "éditeur": "Grasset",
        "nombre_de_pages": 4215,
        "langue": "Français",
        "img": "./img/bd1.jpg",
        "etat": "Endommagé",
        "dispo": false,
        "resume": "Un hommme tue sa femme en etant ivre..."
    },
    {
        "titre": "L'Étranger",
        "auteur": "Albert Camus",
        "année_de_publication": 1942,
        "genre": "Roman philosophique",
        "ISBN": "978-2070360020",
        "éditeur": "Gallimard",
        "nombre_de_pages": 123,
        "langue": "Français",
        "img": "./img/bd1.jpg",
        "etat": "Endommagé",
        "dispo": false,
        "resume": "Un hommme tue sa femme en etant ivre..."
    },
    {
        "titre": "Madame Bovary",
        "auteur": "Gustave Flaubert",
        "année_de_publication": 1857,
        "genre": "Roman réaliste",
        "ISBN": "978-2070413115",
        "éditeur": "Michel Lévy frères",
        "nombre_de_pages": 432,
        "langue": "Français",
        "img": "./img/bd1.jpg",
        "etat": "Endommagé",
        "dispo": false,
        "resume": "Un hommme tue sa femme en etant ivre..."
    },
    {
        "titre": "Le Petit Prince",
        "auteur": "Antoine de Saint-Exupéry",
        "année_de_publication": 1943,
        "genre": "Fiction",
        "ISBN": "978-0156013987",
        "éditeur": "Reynal & Hitchcock",
        "nombre_de_pages": 96,
        "langue": "Français",
        "img": "./img/bd1.jpg",
        "etat": "Endommagé",
        "dispo": false,
        "resume": "Un hommme tue sa femme en etant ivre..."
    },
    {
        "titre": "Les Misérables",
        "auteur": "Victor Hugo",
        "date": 1862,
        "genre": "Roman historique",
        "ISBN": "978-0451419439",
        "éditeur": "A. Lacroix, Verboeckhoven & Cie",
        "nombre_de_pages": 1463,
        "langue": "Français",
        "img": "./img/bd1.jpg",
        "etat": "Endommagé",
        "dispo": false,
        "resume": "Un hommme tue sa femme en etant ivre..."
    },
    {
        "titre": "À la recherche du temps perdu",
        "auteur": "Marcel Proust",
        "année_de_publication": 1913,
        "genre": "Roman",
        "ISBN": "978-2070409347",
        "éditeur": "Grasset",
        "nombre_de_pages": 4215,
        "langue": "Français",
        "img": "./img/bd1.jpg",
        "etat": "Endommagé",
        "dispo": false,
        "resume": "Un hommme tue sa femme en etant ivre..."
    },
    {
        "titre": "L'Étranger",
        "auteur": "Albert Camus",
        "année_de_publication": 1942,
        "genre": "Roman philosophique",
        "ISBN": "978-2070360020",
        "éditeur": "Gallimard",
        "nombre_de_pages": 123,
        "langue": "Français",
        "img": "./img/bd1.jpg",
        "etat": "Endommagé",
        "dispo": false,
        "resume": "Un hommme tue sa femme en etant ivre..."
    },
    {
        "titre": "Madame Bovary",
        "auteur": "Gustave Flaubert",
        "année_de_publication": 1857,
        "genre": "Roman réaliste",
        "ISBN": "978-2070413115",
        "éditeur": "Michel Lévy frères",
        "nombre_de_pages": 432,
        "langue": "Français",
        "img": "./img/bd1.jpg",
        "etat": "Endommagé",
        "dispo": false,
        "resume": "Un hommme tue sa femme en etant ivre..."
    },
    {
        "titre": "Le Petit Prince",
        "auteur": "Antoine de Saint-Exupéry",
        "année_de_publication": 1943,
        "genre": "Fiction",
        "ISBN": "978-0156013987",
        "éditeur": "Reynal & Hitchcock",
        "nombre_de_pages": 96,
        "langue": "Français",
        "img": "./img/bd1.jpg",
        "etat": "Endommagé",
        "dispo": false,
        "resume": "Un hommme tue sa femme en etant ivre..."
    },
    {
        "titre": "Les Misérables",
        "auteur": "Victor Hugo",
        "date": 1862,
        "genre": "Roman historique",
        "ISBN": "978-0451419439",
        "éditeur": "A. Lacroix, Verboeckhoven & Cie",
        "nombre_de_pages": 1463,
        "langue": "Français",
        "img": "./img/bd1.jpg",
        "etat": "Endommagé",
        "dispo": false,
        "resume": "Un hommme tue sa femme en etant ivre..."
    },
    {
        "titre": "À la recherche du temps perdu",
        "auteur": "Marcel Proust",
        "année_de_publication": 1913,
        "genre": "Roman",
        "ISBN": "978-2070409347",
        "éditeur": "Grasset",
        "nombre_de_pages": 4215,
        "langue": "Français",
        "img": "./img/bd1.jpg",
        "etat": "Endommagé",
        "dispo": false,
        "resume": "Un hommme tue sa femme en etant ivre..."
    },
    {
        "titre": "L'Étranger",
        "auteur": "Albert Camus",
        "année_de_publication": 1942,
        "genre": "Roman philosophique",
        "ISBN": "978-2070360020",
        "éditeur": "Gallimard",
        "nombre_de_pages": 123,
        "langue": "Français",
        "img": "./img/bd1.jpg",
        "etat": "Endommagé",
        "dispo": false,
        "resume": "Un hommme tue sa femme en etant ivre..."
    },
    {
        "titre": "Madame Bovary",
        "auteur": "Gustave Flaubert",
        "année_de_publication": 1857,
        "genre": "Roman réaliste",
        "ISBN": "978-2070413115",
        "éditeur": "Michel Lévy frères",
        "nombre_de_pages": 432,
        "langue": "Français",
        "img": "./img/bd1.jpg",
        "etat": "Endommagé",
        "dispo": false,
        "resume": "Un hommme tue sa femme en etant ivre..."
    }
]
